alias,source,category_code
Flexi Cap,ADMIN,EQ_FLEXI_CAP
Flexicap,ADMIN,EQ_FLEXI_CAP
Bluechip,ADMIN,EQ_LARGE_CAP
Frontline Equity,ADMIN,EQ_LARGE_CAP
Tax Saver,ADMIN,EQ_ELSS
Tax Plan,ADMIN,EQ_ELSS
Liquid,ADMIN,DT_LIQUID
Overnight,ADMIN,DT_OVERNIGHT
Corporate Bond,ADMIN,DT_CORPORATE_BOND
Banking & PSU Debt,ADMIN,DT_BANKING_PSU
Balanced Advantage,ADMIN,HY_DYNAMIC_AA_BAF
Arbitrage,ADMIN,HY_ARBITRAGE
Constant Maturity Gilt,ADMIN,DT_GILT_10Y_CONSTANT
Nifty Index,ADMIN,OT_INDEX_ETF
Gold ETF FoF,ADMIN,OT_FOF
US Fund,ADMIN,OT_FOF
