isin,amc_slug,name,category_code,lock_in_months
INF000P01011,icici-prudential-mutual-fund,ICICI Prudential Liquid Fund - Regular - Growth,DT_LIQUID,
INF000P02022,hdfc-mutual-fund,HDFC Overnight Fund - Regular - Growth,DT_OVERNIGHT,
INF000P03033,axis-mutual-fund,Axis ELSS Tax Saver Fund - Regular - Growth,EQ_ELSS,36
INF000P04044,aditya-birla-sun-life-mutual-fund,ABSL Frontline Equity Fund - Regular - Growth,EQ_LARGE_CAP,
INF000P05055,parag-parikh-mutual-fund,Parag Parikh Flexi Cap Fund - Regular - Growth,EQ_MULTI_CAP,
INF000P06066,kotak-mahindra-mutual-fund,Kotak Emerging Equity Fund - Regular - Growth,EQ_MID_CAP,
INF000P07077,sbi-mutual-fund,SBI Corporate Bond Fund - Regular - Growth,DT_CORPORATE_BOND,
INF000P08088,axis-mutual-fund,Axis Banking and PSU Debt Fund - Regular - Growth,DT_BANKING_PSU,
INF000P09099,nippon-india-mutual-fund,Nippon India Aggressive Hybrid Fund - Regular - Growth,HY_AGGRESSIVE,
INF000P10010,hdfc-mutual-fund,HDFC Small Cap Fund - Regular - Growth,EQ_SMALL_CAP,
