holiday_date,kinds
2026-01-26,EQUITY|MONEY_MARKET|BANK
2026-02-17,EQUITY|MONEY_MARKET|BANK
2026-03-04,EQUITY|MONEY_MARKET|BANK
2026-04-03,EQUITY|MONEY_MARKET|BANK
2026-04-14,EQUITY|MONEY_MARKET|BANK
2026-05-01,EQUITY|MONEY_MARKET|BANK
2026-08-15,EQUITY|MONEY_MARKET|BANK
2026-08-26,EQUITY|MONEY_MARKET|BANK
2026-10-02,EQUITY|MONEY_MARKET|BANK
2026-10-20,EQUITY|MONEY_MARKET|BANK
2026-11-10,EQUITY|MONEY_MARKET|BANK
2026-11-24,EQUITY|MONEY_MARKET|BANK
2026-12-25,EQUITY|MONEY_MARKET|BANK
2027-01-26,EQUITY|MONEY_MARKET|BANK
2027-03-04,EQUITY|MONEY_MARKET|BANK
2027-03-22,EQUITY|MONEY_MARKET|BANK
2027-04-02,EQUITY|MONEY_MARKET|BANK
2027-05-01,EQUITY|MONEY_MARKET|BANK
2027-08-15,EQUITY|MONEY_MARKET|BANK
2027-10-02,EQUITY|MONEY_MARKET|BANK
2027-11-15,EQUITY|MONEY_MARKET|BANK
2027-12-25,EQUITY|MONEY_MARKET|BANK
