code,asset_class,name,slug,sebi_ref,cutoff_class,volatility_class
EQ_MULTI_CAP,EQUITY,Multi Cap Fund,multi-cap-fund,HO/24/13/15(2)2026-IMD-RAC4/I/5764/2026,STANDARD,V_EQUITY
EQ_LARGE_CAP,EQUITY,Large Cap Fund,large-cap-fund,HO/24/13/15(2)2026-IMD-RAC4/I/5764/2026,STANDARD,V_EQUITY
EQ_LARGE_MID_CAP,EQUITY,Large & Mid Cap Fund,large-and-mid-cap-fund,HO/24/13/15(2)2026-IMD-RAC4/I/5764/2026,STANDARD,V_EQUITY
EQ_MID_CAP,EQUITY,Mid Cap Fund,mid-cap-fund,HO/24/13/15(2)2026-IMD-RAC4/I/5764/2026,STANDARD,V_EQUITY
EQ_SMALL_CAP,EQUITY,Small Cap Fund,small-cap-fund,HO/24/13/15(2)2026-IMD-RAC4/I/5764/2026,STANDARD,V_HIGH
EQ_FLEXI_CAP,EQUITY,Flexi Cap Fund,flexi-cap-fund,HO/24/13/15(2)2026-IMD-RAC4/I/5764/2026,STANDARD,V_EQUITY
EQ_DIVIDEND_YIELD,EQUITY,Dividend Yield Fund,dividend-yield-fund,HO/24/13/15(2)2026-IMD-RAC4/I/5764/2026,STANDARD,V_EQUITY
EQ_VALUE,EQUITY,Value Fund,value-fund,HO/24/13/15(2)2026-IMD-RAC4/I/5764/2026,STANDARD,V_EQUITY
EQ_CONTRA,EQUITY,Contra Fund,contra-fund,HO/24/13/15(2)2026-IMD-RAC4/I/5764/2026,STANDARD,V_EQUITY
EQ_FOCUSED,EQUITY,Focused Fund,focused-fund,HO/24/13/15(2)2026-IMD-RAC4/I/5764/2026,STANDARD,V_EQUITY
EQ_SECTORAL,EQUITY,Sectoral Fund,sectoral-fund,HO/24/13/15(2)2026-IMD-RAC4/I/5764/2026,STANDARD,V_HIGH
EQ_THEMATIC,EQUITY,Thematic Fund,thematic-fund,HO/24/13/15(2)2026-IMD-RAC4/I/5764/2026,STANDARD,V_HIGH
EQ_ELSS,EQUITY,ELSS – Tax Saver Fund,elss-tax-saver-fund,HO/24/13/15(2)2026-IMD-RAC4/I/5764/2026,STANDARD,V_EQUITY
DT_OVERNIGHT,DEBT,Overnight Fund,overnight-fund,HO/24/13/15(2)2026-IMD-RAC4/I/5764/2026,OVERNIGHT,V_CASH
DT_LIQUID,DEBT,Liquid Fund,liquid-fund,HO/24/13/15(2)2026-IMD-RAC4/I/5764/2026,LIQUID,V_CASH
DT_ULTRA_SHORT_TERM,DEBT,Ultra Short Term Fund,ultra-short-term-fund,HO/24/13/15(2)2026-IMD-RAC4/I/5764/2026,STANDARD,V_CASH
DT_ULTRA_SHORT_TO_SHORT_TERM,DEBT,Ultra Short to Short Term Fund,ultra-short-to-short-term-fund,HO/24/13/15(2)2026-IMD-RAC4/I/5764/2026,STANDARD,V_CASH
DT_MONEY_MARKET,DEBT,Money Market Fund,money-market-fund,HO/24/13/15(2)2026-IMD-RAC4/I/5764/2026,STANDARD,V_CASH
DT_SHORT_TERM,DEBT,Short Term Fund,short-term-fund,HO/24/13/15(2)2026-IMD-RAC4/I/5764/2026,STANDARD,V_DEBT
DT_MEDIUM_TERM,DEBT,Medium Term Fund,medium-term-fund,HO/24/13/15(2)2026-IMD-RAC4/I/5764/2026,STANDARD,V_DEBT
DT_MEDIUM_TO_LONG_TERM,DEBT,Medium to Long Term Fund,medium-to-long-term-fund,HO/24/13/15(2)2026-IMD-RAC4/I/5764/2026,STANDARD,V_DEBT
DT_LONG_TERM,DEBT,Long Term Fund,long-term-fund,HO/24/13/15(2)2026-IMD-RAC4/I/5764/2026,STANDARD,V_DEBT
DT_DYNAMIC_TERM,DEBT,Dynamic Term Fund,dynamic-term-fund,HO/24/13/15(2)2026-IMD-RAC4/I/5764/2026,STANDARD,V_DEBT
DT_CORPORATE_BOND,DEBT,Corporate Bond Fund,corporate-bond-fund,HO/24/13/15(2)2026-IMD-RAC4/I/5764/2026,STANDARD,V_DEBT
DT_CREDIT_RISK,DEBT,Credit Risk Fund,credit-risk-fund,HO/24/13/15(2)2026-IMD-RAC4/I/5764/2026,STANDARD,V_DEBT
DT_BANKING_PSU,DEBT,Banking and PSU Debt Fund,banking-and-psu-debt-fund,HO/24/13/15(2)2026-IMD-RAC4/I/5764/2026,STANDARD,V_DEBT
DT_GILT,DEBT,Gilt Fund,gilt-fund,HO/24/13/15(2)2026-IMD-RAC4/I/5764/2026,STANDARD,V_DEBT
DT_GILT_10Y_CONSTANT,DEBT,10-year Constant Maturity Gilt Fund,10-year-constant-maturity-gilt-fund,HO/24/13/15(2)2026-IMD-RAC4/I/5764/2026,STANDARD,V_DEBT
DT_FLOATER,DEBT,Floating Interest Rates Fund,floating-interest-rates-fund,HO/24/13/15(2)2026-IMD-RAC4/I/5764/2026,STANDARD,V_DEBT
DT_SECTORAL,DEBT,Sectoral (Debt) Fund,sectoral-debt-fund,HO/24/13/15(2)2026-IMD-RAC4/I/5764/2026,STANDARD,V_DEBT
HY_CONSERVATIVE,HYBRID,Conservative Hybrid Fund,conservative-hybrid-fund,HO/24/13/15(2)2026-IMD-RAC4/I/5764/2026,STANDARD,V_HYBRID
HY_BALANCED,HYBRID,Balanced Hybrid Fund,balanced-hybrid-fund,HO/24/13/15(2)2026-IMD-RAC4/I/5764/2026,STANDARD,V_HYBRID
HY_AGGRESSIVE,HYBRID,Aggressive Hybrid Fund,aggressive-hybrid-fund,HO/24/13/15(2)2026-IMD-RAC4/I/5764/2026,STANDARD,V_HYBRID
HY_DYNAMIC_AA_BAF,HYBRID,Dynamic Asset Allocation / Balanced Advantage Fund,dynamic-asset-allocation-balanced-advantage-fund,HO/24/13/15(2)2026-IMD-RAC4/I/5764/2026,STANDARD,V_HYBRID
HY_MULTI_ASSET,HYBRID,Multi Asset Allocation Fund,multi-asset-allocation-fund,HO/24/13/15(2)2026-IMD-RAC4/I/5764/2026,STANDARD,V_HYBRID
HY_ARBITRAGE,HYBRID,Arbitrage Fund,arbitrage-fund,HO/24/13/15(2)2026-IMD-RAC4/I/5764/2026,STANDARD,V_CASH
HY_EQUITY_SAVINGS,HYBRID,Equity Savings Fund,equity-savings-fund,HO/24/13/15(2)2026-IMD-RAC4/I/5764/2026,STANDARD,V_HYBRID
LC_LIFE_CYCLE,LIFE_CYCLE,Life Cycle Fund,life-cycle-fund,HO/24/13/15(2)2026-IMD-RAC4/I/5764/2026,STANDARD,V_HYBRID
OT_INDEX_ETF,OTHER,Index Funds / ETFs,index-funds-etfs,HO/24/13/15(2)2026-IMD-RAC4/I/5764/2026,STANDARD,V_EQUITY
OT_FOF,OTHER,Fund of Funds (Overseas/Domestic),fund-of-funds-overseas-domestic,HO/24/13/15(2)2026-IMD-RAC4/I/5764/2026,STANDARD,V_EQUITY
